frame,time,pc,value
5880,101.504873840000,56e3,800000
5880,101.504916600000,570b,ff0000
5880,101.504959120000,5727,0
5881,101.522113720000,56e3,800000
5881,101.522156480000,570b,ff0000
5881,101.522199040000,5727,0
5882,101.539381040000,56e3,800000
5882,101.539423920000,570b,ff0000
5882,101.539466400000,5727,0
5883,101.556639320000,56e3,800000
5883,101.556682080000,570b,ff0000
5883,101.556724560000,5727,0
5884,101.573906480000,56e3,800000
5884,101.573949280000,570b,ff0000
5884,101.573991800000,5727,0
5885,101.591164720000,56e3,800000
5885,101.591207480000,570b,ff0000
5885,101.591249960000,5727,0
5886,101.608431840000,56e3,800000
5886,101.608474640000,570b,ff0000
5886,101.608517160000,5727,0
5887,101.625690080000,56e3,800000
5887,101.625732840000,570b,ff0000
5887,101.625775360000,5727,0
5888,101.642957400000,56e3,800000
5888,101.643000200000,570b,ff0000
5888,101.643042720000,5727,0
5889,101.660215600000,56e3,800000
5889,101.660258360000,570b,ff0000
5889,101.660300840000,5727,0
5890,101.677482760000,56e3,800000
5890,101.677525560000,570b,ff0000
5890,101.677568080000,5727,0
5891,101.694740960000,56e3,800000
5891,101.694783720000,570b,ff0000
5891,101.694826200000,5727,0
5892,101.712008360000,56e3,800000
5892,101.712051160000,570b,ff0000
5892,101.712093680000,5727,0
5893,101.729266400000,56e3,800000
5893,101.729309160000,570b,ff0000
5893,101.729351640000,5727,0
5894,101.746533680000,56e3,800000
5894,101.746576480000,570b,ff0000
5894,101.746619000000,5727,0
5895,101.763791840000,56e3,800000
5895,101.763834720000,570b,ff0000
5895,101.763877280000,5727,0
5896,101.781059080000,56e3,800000
5896,101.781101880000,570b,ff0000
5896,101.781144400000,5727,0
5897,101.798317320000,56e3,800000
5897,101.798360080000,570b,ff0000
5897,101.798402560000,5727,0
5898,101.815584600000,56e3,800000
5898,101.815627400000,570b,ff0000
5898,101.815669920000,5727,0
5899,101.832842760000,56e3,800000
5899,101.832885520000,570b,ff0000
5899,101.832928000000,5727,0
5900,101.850110080000,56e3,800000
5900,101.850152880000,570b,ff0000
5900,101.850195400000,5727,0
5901,101.867368240000,56e3,800000
5901,101.867411000000,570b,ff0000
5901,101.867453480000,5727,0
5902,101.884635480000,56e3,800000
5902,101.884678280000,570b,ff0000
5902,101.884720800000,5727,0
5903,101.901893640000,56e3,800000
5903,101.901936400000,570b,ff0000
5903,101.901978960000,5727,0
5904,101.919160800000,56e3,800000
5904,101.919203600000,570b,ff0000
5904,101.919246120000,5727,0
5905,101.936419040000,56e3,800000
5905,101.936461800000,570b,ff0000
5905,101.936504320000,5727,0
5906,101.953686240000,56e3,800000
5906,101.953729040000,570b,ff0000
5906,101.953771560000,5727,0
5907,101.970944560000,56e3,800000
5907,101.970987320000,570b,ff0000
5907,101.971029800000,5727,0
5908,101.988206120000,56e3,800000
5908,101.988248880000,570b,ff0000
5908,101.988291360000,5727,0
5909,102.005475840000,56e3,800000
5909,102.005518600000,570b,ff0000
5909,102.005561080000,5727,0
5910,102.022731200000,56e3,800000
5910,102.022773960000,570b,ff0000
5910,102.022816440000,5727,0
5911,102.040001240000,56e3,800000
5911,102.040044080000,570b,ff0000
5911,102.040086560000,5727,0
5912,102.057256720000,56e3,800000
5912,102.057299480000,570b,ff0000
5912,102.057341960000,5727,0
5913,102.074526840000,56e3,800000
5913,102.074569600000,570b,ff0000
5913,102.074612080000,5727,0
5914,102.091782040000,56e3,800000
5914,102.091824800000,570b,ff0000
5914,102.091867280000,5727,0
5915,102.109052240000,56e3,800000
5915,102.109095000000,570b,ff0000
5915,102.109137480000,5727,0
5916,102.126307480000,56e3,800000
5916,102.126350240000,570b,ff0000
5916,102.126392840000,5727,0
5917,102.143577640000,56e3,800000
5917,102.143620400000,570b,ff0000
5917,102.143662880000,5727,0
5918,102.160832920000,56e3,800000
5918,102.160875680000,570b,ff0000
5918,102.160918280000,5727,0
5919,102.178103120000,56e3,800000
5919,102.178145880000,570b,ff0000
5919,102.178188440000,5727,0
5920,102.195358360000,56e3,800000
5920,102.195401240000,570b,ff0000
5920,102.195443720000,5727,0
5921,102.212628680000,56e3,800000
5921,102.212671440000,570b,ff0000
5921,102.212713920000,5727,0
5922,102.229883920000,56e3,800000
5922,102.229926760000,570b,ff0000
5922,102.229969240000,5727,0
5923,102.247153960000,56e3,800000
5923,102.247196720000,570b,ff0000
5923,102.247239200000,5727,0
5924,102.264409280000,56e3,800000
5924,102.264452040000,570b,ff0000
5924,102.264494520000,5727,0
5925,102.281679480000,56e3,800000
5925,102.281722240000,570b,ff0000
5925,102.281764720000,5727,0
5926,102.298934760000,56e3,800000
5926,102.298977520000,570b,ff0000
5926,102.299020080000,5727,0
5927,102.316204880000,56e3,800000
5927,102.316247640000,570b,ff0000
5927,102.316290120000,5727,0
5928,102.333460160000,56e3,800000
5928,102.333502920000,570b,ff0000
5928,102.333545400000,5727,0
5929,102.350730280000,56e3,800000
5929,102.350773040000,570b,ff0000
5929,102.350815520000,5727,0
5930,102.367985680000,56e3,800000
5930,102.368028440000,570b,ff0000
5930,102.368070920000,5727,0
5931,102.385255680000,56e3,800000
5931,102.385298440000,570b,ff0000
5931,102.385340920000,5727,0
5932,102.402511000000,56e3,800000
5932,102.402553760000,570b,ff0000
5932,102.402596240000,5727,0
5933,102.419781240000,56e3,800000
5933,102.419824000000,570b,ff0000
5933,102.419866480000,5727,0
5934,102.437036440000,56e3,800000
5934,102.437079200000,570b,ff0000
5934,102.437121680000,5727,0
5935,102.454306640000,56e3,800000
5935,102.454349400000,570b,ff0000
5935,102.454391880000,5727,0
5936,102.471562000000,56e3,800000
5936,102.471604760000,570b,ff0000
5936,102.471647240000,5727,0
5937,102.488850440000,56e3,800000
5937,102.488893200000,570b,ff0000
5937,102.488935720000,5727,0
5938,102.506087360000,56e3,800000
5938,102.506130120000,570b,ff0000
5938,102.506172600000,5727,0
5939,102.523357400000,56e3,800000
5939,102.523400240000,570b,ff0000
5939,102.523442720000,5727,0
5940,102.540612840000,56e3,800000
5940,102.540655600000,570b,ff0000
5940,102.540698080000,5727,0
5941,102.557882960000,56e3,800000
5941,102.557925840000,570b,ff0000
5941,102.557968440000,5727,0
5942,102.575138320000,56e3,800000
5942,102.575181080000,570b,ff0000
5942,102.575223560000,5727,0
5943,102.592408360000,56e3,800000
5943,102.592451120000,570b,ff0000
5943,102.592493600000,5727,0
5944,102.609663800000,56e3,800000
5944,102.609706560000,570b,ff0000
5944,102.609749040000,5727,0
5945,102.626933840000,56e3,800000
5945,102.626976600000,570b,ff0000
5945,102.627019080000,5727,0
5946,102.644189080000,56e3,800000
5946,102.644231840000,570b,ff0000
5946,102.644274320000,5727,0
5947,102.661459280000,56e3,800000
5947,102.661502160000,570b,ff0000
5947,102.661544640000,5727,0
5948,102.678714520000,56e3,800000
5948,102.678757280000,570b,ff0000
5948,102.678799760000,5727,0
5949,102.695984680000,56e3,800000
5949,102.696027560000,570b,ff0000
5949,102.696070040000,5727,0
5950,102.713240040000,56e3,800000
5950,102.713282800000,570b,ff0000
5950,102.713325280000,5727,0
5951,102.730510120000,56e3,800000
5951,102.730552880000,570b,ff0000
5951,102.730595360000,5727,0
5952,102.747765400000,56e3,800000
5952,102.747808160000,570b,ff0000
5952,102.747850640000,5727,0
5953,102.765035640000,56e3,800000
5953,102.765078400000,570b,ff0000
5953,102.765120880000,5727,0
5954,102.782290960000,56e3,800000
5954,102.782333720000,570b,ff0000
5954,102.782376200000,5727,0
5955,102.799560920000,56e3,800000
5955,102.799603680000,570b,ff0000
5955,102.799646240000,5727,0
5956,102.816816280000,56e3,800000
5956,102.816859040000,570b,ff0000
5956,102.816901560000,5727,0
5957,102.834086440000,56e3,800000
5957,102.834129200000,570b,ff0000
5957,102.834171760000,5727,0
5958,102.851341720000,56e3,800000
5958,102.851384560000,570b,ff0000
5958,102.851427200000,5727,0
5959,102.868611880000,56e3,800000
5959,102.868654640000,570b,ff0000
5959,102.868697240000,5727,0
5960,102.885867160000,56e3,800000
5960,102.885909920000,570b,ff0000
5960,102.885952400000,5727,0
5961,102.903137320000,56e3,800000
5961,102.903180080000,570b,ff0000
5961,102.903222560000,5727,0
5962,102.920392600000,56e3,800000
5962,102.920435360000,570b,ff0000
5962,102.920477840000,5727,0
5963,102.937662760000,56e3,800000
5963,102.937705640000,570b,ff0000
5963,102.937748120000,5727,0
5964,102.954918160000,56e3,800000
5964,102.954960920000,570b,ff0000
5964,102.955003440000,5727,0
5965,102.972188200000,56e3,800000
5965,102.972230960000,570b,ff0000
5965,102.972273440000,5727,0
5966,102.989443480000,56e3,800000
5966,102.989486240000,570b,ff0000
5966,102.989528800000,5727,0
5967,103.006713640000,56e3,800000
5967,103.006756400000,570b,ff0000
5967,103.006798960000,5727,0
5968,103.023968920000,56e3,800000
5968,103.024011720000,570b,ff0000
5968,103.024054200000,5727,0
5969,103.041239040000,56e3,800000
5969,103.041281800000,570b,ff0000
5969,103.041324280000,5727,0
5970,103.058494360000,56e3,800000
5970,103.058537120000,570b,ff0000
5970,103.058579720000,5727,0
5971,103.075764440000,56e3,7f0000
5971,103.075807200000,570b,ff0000
5971,103.075849680000,5727,0
5972,103.093019800000,56e3,7d0000
5972,103.093062640000,570b,ff0000
5972,103.093105240000,5727,0
5973,103.110289920000,56e3,7b0000
5973,103.110332720000,570b,ff0000
5973,103.110375200000,5727,0
5974,103.127545320000,56e3,780000
5974,103.127588080000,570b,ff0000
5974,103.127630560000,5727,0
5975,103.144815400000,56e3,750000
5975,103.144858160000,570b,ff0000
5975,103.144900640000,5727,0
5976,103.162076640000,56e3,720000
5976,103.162119400000,570b,ff0000
5976,103.162161880000,5727,0
5977,103.179334840000,56e3,6e0000
5977,103.179377600000,570b,ff0000
5977,103.179420080000,5727,0
5978,103.196602280000,56e3,6b0000
5978,103.196645160000,570b,ff0000
5978,103.196687680000,5727,0
5979,103.213860360000,56e3,670000
5979,103.213903120000,570b,ff0000
5979,103.213945600000,5727,0
5980,103.231127520000,56e3,640000
5980,103.231170400000,570b,ff0000
5980,103.231212920000,5727,0
5981,103.248385840000,56e3,600000
5981,103.248428720000,570b,ff0000
5981,103.248471280000,5727,0
5982,103.265652960000,56e3,5d0000
5982,103.265695760000,570b,ff0000
5982,103.265738280000,5727,0
5983,103.282911240000,56e3,5b0000
5983,103.282954000000,570b,ff0000
5983,103.282996600000,5727,0
5984,103.300178400000,56e3,580000
5984,103.300221240000,570b,ff0000
5984,103.300263760000,5727,0
5985,103.317436640000,56e3,570000
5985,103.317479400000,570b,ff0000
5985,103.317521880000,5727,0
5986,103.334703840000,56e3,550000
5986,103.334746640000,570b,ff0000
5986,103.334789160000,5727,0
5987,103.351962120000,56e3,540000
5987,103.352004880000,570b,ff0000
5987,103.352047360000,5727,0
5988,103.369229360000,56e3,530000
5988,103.369272240000,570b,ff0000
5988,103.369314840000,5727,0
5989,103.386487680000,56e3,530000
5989,103.386530440000,570b,ff0000
5989,103.386572920000,5727,0
5990,103.403754760000,56e3,520000
5990,103.403797640000,570b,ff0000
5990,103.403840160000,5727,0
5991,103.421013000000,56e3,520000
5991,103.421055760000,570b,ff0000
5991,103.421098240000,5727,0
5992,103.438280200000,56e3,520000
5992,103.438323040000,570b,ff0000
5992,103.438365600000,5727,0
5993,103.455538400000,56e3,510000
5993,103.455581240000,570b,ff0000
5993,103.455623840000,5727,0
5994,103.472824040000,56e3,510000
5994,103.472866920000,570b,ff0000
5994,103.472909520000,5727,0
5995,103.490063840000,56e3,500000
5995,103.490106600000,570b,ff0000
5995,103.490149080000,5727,0
5996,103.507331200000,56e3,500000
5996,103.507373960000,570b,ff0000
5996,103.507416440000,5727,0
5997,103.524589360000,56e3,4f0000
5997,103.524632120000,570b,ff0000
5997,103.524674600000,5727,0
5998,103.541856720000,56e3,4f0000
5998,103.541899480000,570b,ff0000
5998,103.541942080000,5727,0
5999,103.559114720000,56e3,4f0000
5999,103.559157480000,570b,ff0000
5999,103.559199960000,5727,0
6000,103.576382040000,56e3,4f0000
6000,103.576424880000,570b,ff0000
6000,103.576467440000,5727,0
6001,103.593640160000,56e3,4f0000
6001,103.593683000000,570b,ff0000
6001,103.593725480000,5727,0
6002,103.610907440000,56e3,500000
6002,103.610950200000,570b,ff0000
6002,103.610992720000,5727,0
6003,103.628165560000,56e3,500000
6003,103.628208400000,570b,ff0000
6003,103.628250880000,5727,0
6004,103.645432800000,56e3,500000
6004,103.645475560000,570b,ff0000
6004,103.645518120000,5727,0
6005,103.662691000000,56e3,500000
6005,103.662733760000,570b,ff0000
6005,103.662776280000,5727,0
6006,103.679958360000,56e3,500000
6006,103.680001240000,570b,ff0000
6006,103.680043760000,5727,0
6007,103.697216480000,56e3,4f0000
6007,103.697259240000,570b,ff0000
6007,103.697301720000,5727,0
6008,103.714483680000,56e3,4f0000
6008,103.714526480000,570b,ff0000
6008,103.714568960000,5727,0
6009,103.731741920000,56e3,4e0000
6009,103.731784680000,570b,ff0000
6009,103.731827240000,5727,0
6010,103.749009200000,56e3,4d0000
6010,103.749051960000,570b,ff0000
6010,103.749094520000,5727,0
6011,103.766267400000,56e3,4d0000
6011,103.766310160000,570b,ff0000
6011,103.766352640000,5727,0
6012,103.783534680000,56e3,4d0000
6012,103.783577440000,570b,ff0000
6012,103.783619920000,5727,0
6013,103.800792760000,56e3,4c0000
6013,103.800835520000,570b,ff0000
6013,103.800878000000,5727,0
6014,103.818060160000,56e3,4c0000
6014,103.818103040000,570b,ff0000
6014,103.818145600000,5727,0
6015,103.835318200000,56e3,4c0000
6015,103.835360960000,570b,ff0000
6015,103.835403440000,5727,0
6016,103.852585440000,56e3,4c0000
6016,103.852628200000,570b,ff0000
6016,103.852670680000,5727,0
6017,103.869843640000,56e3,4c0000
6017,103.869886400000,570b,ff0000
6017,103.869929000000,5727,0
6018,103.887111000000,56e3,4c0000
6018,103.887153840000,570b,ff0000
6018,103.887196320000,5727,0
6019,103.904369160000,56e3,4c0000
6019,103.904411920000,570b,ff0000
6019,103.904454480000,5727,0
6020,103.921636320000,56e3,4c0000
6020,103.921679160000,570b,ff0000
6020,103.921721680000,5727,0
6021,103.938894640000,56e3,4b0000
6021,103.938937400000,570b,ff0000
6021,103.938979880000,5727,0
6022,103.956161960000,56e3,4a0000
6022,103.956204840000,570b,ff0000
6022,103.956247400000,5727,0
6023,103.973419960000,56e3,480000
6023,103.973462720000,570b,ff0000
6023,103.973505200000,5727,0
6024,103.990687240000,56e3,470000
6024,103.990730040000,570b,ff0000
6024,103.990772520000,5727,0
6025,104.007945440000,56e3,450000
6025,104.007988200000,570b,ff0000
6025,104.008030680000,5727,0
6026,104.025212720000,56e3,420000
6026,104.025255560000,570b,ff0000
6026,104.025298160000,5727,0
6027,104.042470840000,56e3,400000
6027,104.042513600000,570b,ff0000
6027,104.042556080000,5727,0
6028,104.059738240000,56e3,3d0000
6028,104.059781120000,570b,ff0000
6028,104.059823600000,5727,0
6029,104.076996400000,56e3,3a0000
6029,104.077039160000,570b,ff0000
6029,104.077081760000,5727,0
6030,104.094263640000,56e3,370000
6030,104.094306400000,570b,ff0000
6030,104.094348880000,5727,0
6031,104.111521800000,56e3,330000
6031,104.111564560000,570b,ff0000
6031,104.111607040000,5727,0
6032,104.128789120000,56e3,300000
6032,104.128831960000,570b,ff0000
6032,104.128874520000,5727,0
6033,104.146047280000,56e3,2d0000
6033,104.146090040000,570b,ff0000
6033,104.146132600000,5727,0
6034,104.163314600000,56e3,2a0000
6034,104.163357480000,570b,ff0000
6034,104.163399960000,5727,0
6035,104.180572640000,56e3,270000
6035,104.180615400000,570b,ff0000
6035,104.180657920000,5727,0
6036,104.197839880000,56e3,240000
6036,104.197882640000,570b,ff0000
6036,104.197925240000,5727,0
6037,104.215098200000,56e3,220000
6037,104.215141080000,570b,ff0000
6037,104.215183680000,5727,0
6038,104.232365480000,56e3,200000
6038,104.232408360000,570b,ff0000
6038,104.232450920000,5727,0
6039,104.249623560000,56e3,1f0000
6039,104.249666320000,570b,ff0000
6039,104.249708840000,5727,0
6040,104.266890800000,56e3,1e0000
6040,104.266933680000,570b,ff0000
6040,104.266976160000,5727,0
6041,104.284149000000,56e3,1e0000
6041,104.284191760000,570b,ff0000
6041,104.284234240000,5727,0
6042,104.301416200000,56e3,1d0000
6042,104.301459040000,570b,ff0000
6042,104.301501600000,5727,0
6043,104.318674400000,56e3,1d0000
6043,104.318717280000,570b,ff0000
6043,104.318759760000,5727,0
6044,104.335941640000,56e3,1d0000
6044,104.335984480000,570b,ff0000
6044,104.336027080000,5727,0
6045,104.353199920000,56e3,1d0000
6045,104.353242680000,570b,ff0000
6045,104.353285160000,5727,0
6046,104.370467080000,56e3,1d0000
6046,104.370509920000,570b,ff0000
6046,104.370552480000,5727,0
6047,104.387725360000,56e3,1d0000
6047,104.387768120000,570b,ff0000
6047,104.387810600000,5727,0
6048,104.404992520000,56e3,1e0000
6048,104.405035360000,570b,ff0000
6048,104.405077960000,5727,0
6049,104.422250920000,56e3,1e0000
6049,104.422293680000,570b,ff0000
6049,104.422336160000,5727,0
6050,104.439518000000,56e3,1f0000
6050,104.439560760000,570b,ff0000
6050,104.439603240000,5727,0
6051,104.456794440000,56e3,200000
6051,104.456837200000,570b,ff0000
6051,104.456879680000,5727,0
6052,104.474043480000,56e3,200000
6052,104.474086360000,570b,ff0000
6052,104.474128840000,5727,0
6053,104.491301680000,56e3,220000
6053,104.491344440000,570b,ff0000
6053,104.491386920000,5727,0
6054,104.508568880000,56e3,230000
6054,104.508611760000,570b,ff0000
6054,104.508654240000,5727,0
6055,104.525827080000,56e3,250000
6055,104.525869840000,570b,ff0000
6055,104.525912440000,5727,0
6056,104.543094520000,56e3,270000
6056,104.543137400000,570b,ff0000
6056,104.543179880000,5727,0
6057,104.560352600000,56e3,2a0000
6057,104.560395360000,570b,ff0000
6057,104.560437840000,5727,0
6058,104.577619800000,56e3,2f0000
6058,104.577662680000,570b,ff0000
6058,104.577705280000,5727,0
6059,104.594878000000,56e3,340000
6059,104.594920760000,570b,ff0000
6059,104.594963240000,5727,0
6060,104.612145160000,56e3,3b0000
6060,104.612187920000,570b,ff0000
6060,104.612230440000,5727,0
6061,104.629403440000,56e3,420000
6061,104.629446200000,570b,ff0000
6061,104.629488800000,5727,0
6062,104.646670760000,56e3,4a0000
6062,104.646713600000,570b,ff0000
6062,104.646756080000,5727,0
6063,104.663928880000,56e3,540000
6063,104.663971760000,570b,ff0000
6063,104.664014240000,5727,0
6064,104.681196120000,56e3,5d0000
6064,104.681238880000,570b,ff0000
6064,104.681281360000,5727,0
6065,104.698454240000,56e3,660000
6065,104.698497000000,570b,ff0000
6065,104.698539600000,5727,0
6066,104.715721560000,56e3,700000
6066,104.715764320000,570b,ff0000
6066,104.715806800000,5727,0
6067,104.732979640000,56e3,780000
6067,104.733022520000,570b,ff0000
6067,104.733065000000,5727,0
6068,104.750246920000,56e3,7f0000
6068,104.750289720000,570b,ff0000
6068,104.750332280000,5727,0
6069,104.767505160000,56e3,800000
6069,104.767548040000,570b,ff0000
6069,104.767590520000,5727,0
6070,104.784773160000,56e3,800000
6070,104.784816040000,570b,ff0000
6070,104.784858560000,5727,0
6071,104.802030600000,56e3,800000
6071,104.802073360000,570b,ff0000
6071,104.802115840000,5727,0
6072,104.819297840000,56e3,800000
6072,104.819340680000,570b,ff0000
6072,104.819383160000,5727,0
6073,104.836556000000,56e3,800000
6073,104.836598760000,570b,ff0000
6073,104.836641240000,5727,0
6074,104.853823280000,56e3,830000
6074,104.853866080000,570b,ff0000
6074,104.853908600000,5727,0
6075,104.871081400000,56e3,880000
6075,104.871124160000,570b,ff0000
6075,104.871166640000,5727,0
6076,104.888348760000,56e3,8c0000
6076,104.888391600000,570b,ff0000
6076,104.888434160000,5727,0
6077,104.905606880000,56e3,910000
6077,104.905649640000,570b,ff0000
6077,104.905692240000,5727,0
6078,104.922874240000,56e3,960000
6078,104.922917000000,570b,ff0000
6078,104.922959520000,5727,0
6079,104.940132360000,56e3,9b0000
6079,104.940175240000,570b,ff0000
6079,104.940217840000,5727,0
6080,104.957399720000,56e3,9e0000
6080,104.957442520000,570b,ff0000
6080,104.957485120000,5727,0
6081,104.974657760000,56e3,a10000
6081,104.974700520000,570b,ff0000
6081,104.974743000000,5727,0
6082,104.991925000000,56e3,a40000
6082,104.991967760000,570b,ff0000
6082,104.992010240000,5727,0
6083,105.009183200000,56e3,a50000
6083,105.009226080000,570b,ff0000
6083,105.009268680000,5727,0
6084,105.026450560000,56e3,a60000
6084,105.026493320000,570b,ff0000
6084,105.026535880000,5727,0
6085,105.043708680000,56e3,a50000
6085,105.043751440000,570b,ff0000
6085,105.043794000000,5727,0
6086,105.060975880000,56e3,a50000
6086,105.061018680000,570b,ff0000
6086,105.061061280000,5727,0
6087,105.078234120000,56e3,a30000
6087,105.078276880000,570b,ff0000
6087,105.078319360000,5727,0
6088,105.095501320000,56e3,a10000
6088,105.095544080000,570b,ff0000
6088,105.095586560000,5727,0
6089,105.112759640000,56e3,9e0000
6089,105.112802400000,570b,ff0000
6089,105.112844960000,5727,0
6090,105.130026920000,56e3,9a0000
6090,105.130069720000,570b,ff0000
6090,105.130112240000,5727,0
6091,105.147284920000,56e3,970000
6091,105.147327800000,570b,ff0000
6091,105.147370280000,5727,0
6092,105.164546240000,56e3,920000
6092,105.164589120000,570b,ff0000
6092,105.164631600000,5727,0
6093,105.181816360000,56e3,8e0000
6093,105.181859200000,570b,ff0000
6093,105.181901680000,5727,0
6094,105.199077640000,56e3,8b0000
6094,105.199120480000,570b,ff0000
6094,105.199163000000,5727,0
6095,105.216335840000,56e3,880000
6095,105.216378600000,570b,ff0000
6095,105.216421080000,5727,0
6096,105.233603160000,56e3,860000
6096,105.233645920000,570b,ff0000
6096,105.233688400000,5727,0
6097,105.250861360000,56e3,850000
6097,105.250904120000,570b,ff0000
6097,105.250946600000,5727,0
6098,105.268128640000,56e3,840000
6098,105.268171480000,570b,ff0000
6098,105.268214040000,5727,0
6099,105.285386760000,56e3,830000
6099,105.285429520000,570b,ff0000
6099,105.285472000000,5727,0
6100,105.302653960000,56e3,840000
6100,105.302696720000,570b,ff0000
6100,105.302739240000,5727,0
6101,105.319912240000,56e3,850000
6101,105.319955000000,570b,ff0000
6101,105.319997480000,5727,0
6102,105.337179440000,56e3,870000
6102,105.337222320000,570b,ff0000
6102,105.337264840000,5727,0
6103,105.354437640000,56e3,8b0000
6103,105.354480400000,570b,ff0000
6103,105.354522880000,5727,0
6104,105.371704920000,56e3,8f0000
6104,105.371747680000,570b,ff0000
6104,105.371790160000,5727,0
6105,105.388963040000,56e3,940000
6105,105.389005800000,570b,ff0000
6105,105.389048280000,5727,0
6106,105.406230440000,56e3,9a0000
6106,105.406273280000,570b,ff0000
6106,105.406315840000,5727,0
6107,105.423488480000,56e3,a00000
6107,105.423531240000,570b,ff0000
6107,105.423573720000,5727,0
6108,105.440774040000,56e3,a70000
6108,105.440816800000,570b,ff0000
6108,105.440859400000,5727,0
6109,105.458014000000,56e3,b00000
6109,105.458056880000,570b,ff0000
6109,105.458099480000,5727,0
6110,105.475281160000,56e3,b80000
6110,105.475323920000,570b,ff0000
6110,105.475366400000,5727,0
6111,105.492539400000,56e3,c00000
6111,105.492582160000,570b,ff0000
6111,105.492624680000,5727,0
6112,105.509806720000,56e3,c90000
6112,105.509849600000,570b,ff0000
6112,105.509892160000,5727,0
6113,105.527064840000,56e3,cf0000
6113,105.527107600000,570b,ff0000
6113,105.527150080000,5727,0
6114,105.544332120000,56e3,d50000
6114,105.544374960000,570b,ff0000
6114,105.544417520000,5727,0
6115,105.561590400000,56e3,d90000
6115,105.561633160000,570b,ff0000
6115,105.561675720000,5727,0
6116,105.578857640000,56e3,dc0000
6116,105.578900480000,570b,ff0000
6116,105.578943080000,5727,0
6117,105.596115680000,56e3,dd0000
6117,105.596158560000,570b,ff0000
6117,105.596201160000,5727,0
6118,105.613377000000,56e3,dd0000
6118,105.613419760000,570b,ff0000
6118,105.613462240000,5727,0
6119,105.630647040000,56e3,dc0000
6119,105.630689800000,570b,ff0000
6119,105.630732320000,5727,0
6120,105.647908360000,56e3,da0000
6120,105.647951120000,570b,ff0000
6120,105.647993600000,5727,0
6121,105.665166640000,56e3,d80000
6121,105.665209400000,570b,ff0000
6121,105.665251960000,5727,0
6122,105.682427840000,56e3,d40000
6122,105.682470600000,570b,ff0000
6122,105.682513120000,5727,0
6123,105.699697920000,56e3,d10000
6123,105.699740800000,570b,ff0000
6123,105.699783400000,5727,0
6124,105.716959440000,56e3,cc0000
6124,105.717002240000,570b,ff0000
6124,105.717044840000,5727,0
6125,105.734217440000,56e3,c80000
6125,105.734260200000,570b,ff0000
6125,105.734302720000,5727,0
6126,105.751484720000,56e3,c30000
6126,105.751527600000,570b,ff0000
6126,105.751570080000,5727,0
6127,105.768742880000,56e3,bd0000
6127,105.768785760000,570b,ff0000
6127,105.768828240000,5727,0
6128,105.786010280000,56e3,b70000
6128,105.786053040000,570b,ff0000
6128,105.786095520000,5727,0
6129,105.803268480000,56e3,b10000
6129,105.803311240000,570b,ff0000
6129,105.803353800000,5727,0
6130,105.820535680000,56e3,aa0000
6130,105.820578480000,570b,ff0000
6130,105.820621080000,5727,0
6131,105.837793800000,56e3,a20000
6131,105.837836560000,570b,ff0000
6131,105.837879040000,5727,0
6132,105.855061120000,56e3,9a0000
6132,105.855103920000,570b,ff0000
6132,105.855146480000,5727,0
6133,105.872319320000,56e3,930000
6133,105.872362200000,570b,ff0000
6133,105.872404680000,5727,0
6134,105.889580600000,56e3,8b0000
6134,105.889623360000,570b,ff0000
6134,105.889665840000,5727,0
6135,105.906850640000,56e3,830000
6135,105.906893520000,570b,ff0000
6135,105.906936120000,5727,0
6136,105.924112720000,56e3,800000
6136,105.924155600000,570b,ff0000
6136,105.924198080000,5727,0
6137,105.941370160000,56e3,800000
6137,105.941412920000,570b,ff0000
6137,105.941455400000,5727,0
6138,105.958637560000,56e3,800000
6138,105.958680440000,570b,ff0000
6138,105.958722920000,5727,0
6139,105.975895560000,56e3,800000
6139,105.975938320000,570b,ff0000
6139,105.975980840000,5727,0
6140,105.993162840000,56e3,7f0000
6140,105.993205720000,570b,ff0000
6140,105.993248200000,5727,0
6141,106.010421000000,56e3,780000
6141,106.010463760000,570b,ff0000
6141,106.010506360000,5727,0
6142,106.027688360000,56e3,700000
6142,106.027731120000,570b,ff0000
6142,106.027773680000,5727,0
6143,106.044946360000,56e3,680000
6143,106.044989120000,570b,ff0000
6143,106.045031600000,5727,0
6144,106.062213760000,56e3,600000
6144,106.062256640000,570b,ff0000
6144,106.062299200000,5727,0
6145,106.079471880000,56e3,580000
6145,106.079514640000,570b,ff0000
6145,106.079557120000,5727,0
6146,106.096739080000,56e3,510000
6146,106.096781840000,570b,ff0000
6146,106.096824360000,5727,0
6147,106.113997360000,56e3,4a0000
6147,106.114040240000,570b,ff0000
6147,106.114082720000,5727,0
6148,106.131264640000,56e3,460000
6148,106.131307440000,570b,ff0000
6148,106.131349920000,5727,0
6149,106.148522720000,56e3,420000
6149,106.148565480000,570b,ff0000
6149,106.148607960000,5727,0
6150,106.165790120000,56e3,3f0000
6150,106.165832920000,570b,ff0000
6150,106.165875520000,5727,0
6151,106.183048200000,56e3,3e0000
6151,106.183090960000,570b,ff0000
6151,106.183133480000,5727,0
6152,106.200315440000,56e3,3d0000
6152,106.200358280000,570b,ff0000
6152,106.200400880000,5727,0
6153,106.217573680000,56e3,3c0000
6153,106.217616440000,570b,ff0000
6153,106.217658920000,5727,0
6154,106.234841800000,56e3,3c0000
6154,106.234884640000,570b,ff0000
6154,106.234927160000,5727,0
6155,106.252099120000,56e3,3b0000
6155,106.252141880000,570b,ff0000
6155,106.252184360000,5727,0
6156,106.269366320000,56e3,3b0000
6156,106.269409120000,570b,ff0000
6156,106.269451640000,5727,0
6157,106.286624520000,56e3,3b0000
6157,106.286667280000,570b,ff0000
6157,106.286709760000,5727,0
6158,106.303891720000,56e3,3b0000
6158,106.303934480000,570b,ff0000
6158,106.303976960000,5727,0
6159,106.321149880000,56e3,3c0000
6159,106.321192720000,570b,ff0000
6159,106.321235200000,5727,0
6160,106.338417240000,56e3,3c0000
6160,106.338460000000,570b,ff0000
6160,106.338502480000,5727,0
6161,106.355675440000,56e3,3d0000
6161,106.355718200000,570b,ff0000
6161,106.355760680000,5727,0
6162,106.372942600000,56e3,3e0000
6162,106.372985360000,570b,ff0000
6162,106.373027960000,5727,0
6163,106.390200960000,56e3,3f0000
6163,106.390243720000,570b,ff0000
6163,106.390286200000,5727,0
6164,106.407468280000,56e3,400000
6164,106.407511160000,570b,ff0000
6164,106.407553680000,5727,0
6165,106.424744640000,56e3,410000
6165,106.424787400000,570b,ff0000
6165,106.424829880000,5727,0
6166,106.441993560000,56e3,430000
6166,106.442036440000,570b,ff0000
6166,106.442078960000,5727,0
6167,106.459251640000,56e3,440000
6167,106.459294480000,570b,ff0000
6167,106.459336960000,5727,0
6168,106.476518960000,56e3,460000
6168,106.476561800000,570b,ff0000
6168,106.476604360000,5727,0
6169,106.493777160000,56e3,480000
6169,106.493819920000,570b,ff0000
6169,106.493862520000,5727,0
6170,106.511044480000,56e3,4b0000
6170,106.511087320000,570b,ff0000
6170,106.511129880000,5727,0
6171,106.528302600000,56e3,4e0000
6171,106.528345480000,570b,ff0000
6171,106.528387960000,5727,0
6172,106.545569800000,56e3,520000
6172,106.545612680000,570b,ff0000
6172,106.545655280000,5727,0
6173,106.562828000000,56e3,570000
6173,106.562870760000,570b,ff0000
6173,106.562913240000,5727,0
6174,106.580095440000,56e3,5d0000
6174,106.580138240000,570b,ff0000
6174,106.580180760000,5727,0
6175,106.597353440000,56e3,630000
6175,106.597396200000,570b,ff0000
6175,106.597438680000,5727,0
6176,106.614621440000,56e3,6a0000
6176,106.614664280000,570b,ff0000
6176,106.614706840000,5727,0
6177,106.631878960000,56e3,710000
6177,106.631921720000,570b,ff0000
6177,106.631964200000,5727,0
6178,106.649140160000,56e3,780000
6178,106.649183000000,570b,ff0000
6178,106.649226240000,5727,0
6179,106.666410240000,56e3,7d0000
6179,106.666453000000,570b,ff0000
6179,106.666495600000,5727,0
6180,106.683665640000,56e3,800000
6180,106.683708400000,570b,ff0000
6180,106.683750880000,5727,0
6181,106.700935800000,56e3,800000
6181,106.700978680000,570b,ff0000
6181,106.701021240000,5727,0
6182,106.718197120000,56e3,800000
6182,106.718239920000,570b,ff0000
6182,106.718282520000,5727,0
6183,106.735455240000,56e3,800000
6183,106.735498000000,570b,ff0000
6183,106.735540560000,5727,0
6184,106.752716640000,56e3,800000
6184,106.752759440000,570b,ff0000
6184,106.752801920000,5727,0
6185,106.769986720000,56e3,800000
6185,106.770029480000,570b,ff0000
6185,106.770072080000,5727,0
6186,106.787241920000,56e3,800000
6186,106.787284680000,570b,ff0000
6186,106.787327160000,5727,0
6187,106.804512000000,56e3,810000
6187,106.804554840000,570b,ff0000
6187,106.804597320000,5727,0
6188,106.821767520000,56e3,830000
6188,106.821810280000,570b,ff0000
6188,106.821852760000,5727,0
6189,106.839037520000,56e3,850000
6189,106.839080400000,570b,ff0000
6189,106.839122880000,5727,0
6190,106.856292880000,56e3,880000
6190,106.856335640000,570b,ff0000
6190,106.856378120000,5727,0
6191,106.873562920000,56e3,8a0000
6191,106.873605680000,570b,ff0000
6191,106.873648160000,5727,0
6192,106.890818240000,56e3,8d0000
6192,106.890861000000,570b,ff0000
6192,106.890903480000,5727,0
6193,106.908088440000,56e3,900000
6193,106.908131200000,570b,ff0000
6193,106.908173760000,5727,0
6194,106.925343680000,56e3,930000
6194,106.925386520000,570b,ff0000
6194,106.925429000000,5727,0
6195,106.942613960000,56e3,970000
6195,106.942656720000,570b,ff0000
6195,106.942699200000,5727,0
6196,106.959869920000,56e3,9b0000
6196,106.959912680000,570b,ff0000
6196,106.959955160000,5727,0
6197,106.977139280000,56e3,9e0000
6197,106.977182040000,570b,ff0000
6197,106.977224520000,5727,0
6198,106.994394560000,56e3,a20000
6198,106.994437320000,570b,ff0000
6198,106.994479880000,5727,0
6199,107.011664680000,56e3,a60000
6199,107.011707440000,570b,ff0000
6199,107.011750000000,5727,0
6200,107.028920000000,56e3,aa0000
6200,107.028962760000,570b,ff0000
6200,107.029005320000,5727,0
6201,107.046190200000,56e3,ae0000
6201,107.046232960000,570b,ff0000
6201,107.046275480000,5727,0
6202,107.063445560000,56e3,b20000
6202,107.063488440000,570b,ff0000
6202,107.063530920000,5727,0
6203,107.080715520000,56e3,b50000
6203,107.080758280000,570b,ff0000
6203,107.080800760000,5727,0
6204,107.097970880000,56e3,b80000
6204,107.098013640000,570b,ff0000
6204,107.098056120000,5727,0
6205,107.115241080000,56e3,bb0000
6205,107.115283840000,570b,ff0000
6205,107.115326320000,5727,0
6206,107.132496320000,56e3,bc0000
6206,107.132539080000,570b,ff0000
6206,107.132581680000,5727,0
6207,107.149766400000,56e3,bd0000
6207,107.149809160000,570b,ff0000
6207,107.149851640000,5727,0
6208,107.167021760000,56e3,be0000
6208,107.167064520000,570b,ff0000
6208,107.167107000000,5727,0
6209,107.184291880000,56e3,be0000
6209,107.184334640000,570b,ff0000
6209,107.184377120000,5727,0
6210,107.201547200000,56e3,be0000
6210,107.201589960000,570b,ff0000
6210,107.201632440000,5727,0
6211,107.218817280000,56e3,bd0000
6211,107.218860040000,570b,ff0000
6211,107.218902520000,5727,0
6212,107.236072640000,56e3,bd0000
6212,107.236115400000,570b,ff0000
6212,107.236157880000,5727,0
6213,107.253342840000,56e3,bc0000
6213,107.253385720000,570b,ff0000
6213,107.253428200000,5727,0
6214,107.270598080000,56e3,bc0000
6214,107.270640840000,570b,ff0000
6214,107.270683400000,5727,0
6215,107.287868280000,56e3,bb0000
6215,107.287911040000,570b,ff0000
6215,107.287953520000,5727,0
6216,107.305123520000,56e3,bb0000
6216,107.305166280000,570b,ff0000
6216,107.305208760000,5727,0
6217,107.322393760000,56e3,bb0000
6217,107.322436520000,570b,ff0000
6217,107.322479040000,5727,0
6218,107.339648960000,56e3,bc0000
6218,107.339691720000,570b,ff0000
6218,107.339734320000,5727,0
6219,107.356919120000,56e3,bc0000
6219,107.356961880000,570b,ff0000
6219,107.357004360000,5727,0
6220,107.374174400000,56e3,bc0000
6220,107.374217160000,570b,ff0000
6220,107.374259760000,5727,0
6221,107.391444640000,56e3,bc0000
6221,107.391487400000,570b,ff0000
6221,107.391529880000,5727,0
6222,107.408718240000,56e3,bd0000
6222,107.408761000000,570b,ff0000
6222,107.408803480000,5727,0
6223,107.425969920000,56e3,bd0000
6223,107.426012680000,570b,ff0000
6223,107.426055280000,5727,0
6224,107.443225360000,56e3,bc0000
6224,107.443268120000,570b,ff0000
6224,107.443310600000,5727,0
6225,107.460495520000,56e3,bc0000
6225,107.460538280000,570b,ff0000
6225,107.460580760000,5727,0
6226,107.477750720000,56e3,bc0000
6226,107.477793480000,570b,ff0000
6226,107.477835960000,5727,0
6227,107.495020880000,56e3,bc0000
6227,107.495063640000,570b,ff0000
6227,107.495106120000,5727,0
6228,107.512276400000,56e3,bc0000
6228,107.512319160000,570b,ff0000
6228,107.512361640000,5727,0
6229,107.529546360000,56e3,bc0000
6229,107.529589120000,570b,ff0000
6229,107.529631600000,5727,0
6230,107.546801720000,56e3,bc0000
6230,107.546844480000,570b,ff0000
6230,107.546886960000,5727,0
6231,107.564071880000,56e3,bc0000
6231,107.564114640000,570b,ff0000
6231,107.564157120000,5727,0
6232,107.581327240000,56e3,bc0000
6232,107.581370040000,570b,ff0000
6232,107.581412520000,5727,0
6233,107.598597200000,56e3,bc0000
6233,107.598639960000,570b,ff0000
6233,107.598682440000,5727,0
6234,107.615852480000,56e3,bc0000
6234,107.615895280000,570b,ff0000
6234,107.615937840000,5727,0
6235,107.633122640000,56e3,bb0000
6235,107.633165400000,570b,ff0000
6235,107.633208000000,5727,0
6236,107.650377920000,56e3,bb0000
6236,107.650420680000,570b,ff0000
6236,107.650463160000,5727,0
6237,107.667648160000,56e3,ba0000
6237,107.667690920000,570b,ff0000
6237,107.667733400000,5727,0
6238,107.684903480000,56e3,b90000
6238,107.684946240000,570b,ff0000
6238,107.684988720000,5727,0
6239,107.702173560000,56e3,b70000
6239,107.702216320000,570b,ff0000
6239,107.702258800000,5727,0
6240,107.719428960000,56e3,b50000
6240,107.719471720000,570b,ff0000
6240,107.719514200000,5727,0
6241,107.736698960000,56e3,b30000
6241,107.736741720000,570b,ff0000
6241,107.736784200000,5727,0
6242,107.753954360000,56e3,b10000
6242,107.753997120000,570b,ff0000
6242,107.754039640000,5727,0
6243,107.771224360000,56e3,ae0000
6243,107.771267120000,570b,ff0000
6243,107.771309600000,5727,0
6244,107.788479800000,56e3,ac0000
6244,107.788522560000,570b,ff0000
6244,107.788565040000,5727,0
6245,107.805749840000,56e3,a80000
6245,107.805792600000,570b,ff0000
6245,107.805835080000,5727,0
6246,107.823011120000,56e3,a50000
6246,107.823053880000,570b,ff0000
6246,107.823096360000,5727,0
6247,107.840269360000,56e3,a20000
6247,107.840312120000,570b,ff0000
6247,107.840354600000,5727,0
6248,107.857536560000,56e3,9e0000
6248,107.857579440000,570b,ff0000
6248,107.857621960000,5727,0
6249,107.874794800000,56e3,9b0000
6249,107.874837560000,570b,ff0000
6249,107.874880160000,5727,0
6250,107.892062120000,56e3,970000
6250,107.892104960000,570b,ff0000
6250,107.892147440000,5727,0
6251,107.909320240000,56e3,930000
6251,107.909363000000,570b,ff0000
6251,107.909405600000,5727,0
6252,107.926587400000,56e3,8f0000
6252,107.926630240000,570b,ff0000
6252,107.926672840000,5727,0
6253,107.943845720000,56e3,8c0000
6253,107.943888480000,570b,ff0000
6253,107.943930960000,5727,0
6254,107.961112920000,56e3,890000
6254,107.961155760000,570b,ff0000
6254,107.961198360000,5727,0
6255,107.978371120000,56e3,860000
6255,107.978413880000,570b,ff0000
6255,107.978456360000,5727,0
6256,107.995638480000,56e3,830000
6256,107.995681240000,570b,ff0000
6256,107.995723800000,5727,0
6257,108.012896640000,56e3,810000
6257,108.012939400000,570b,ff0000
6257,108.012982000000,5727,0
6258,108.030163840000,56e3,800000
6258,108.030206600000,570b,ff0000
6258,108.030249080000,5727,0
6259,108.047421960000,56e3,800000
6259,108.047464720000,570b,ff0000
6259,108.047507200000,5727,0
6260,108.064689200000,56e3,800000
6260,108.064731960000,570b,ff0000
6260,108.064774440000,5727,0
6261,108.081947480000,56e3,800000
6261,108.081990240000,570b,ff0000
6261,108.082032800000,5727,0
6262,108.099214800000,56e3,800000
6262,108.099257640000,570b,ff0000
6262,108.099300160000,5727,0
6263,108.116472840000,56e3,800000
6263,108.116515600000,570b,ff0000
6263,108.116558080000,5727,0
6264,108.133740200000,56e3,800000
6264,108.133783000000,570b,ff0000
6264,108.133825480000,5727,0
6265,108.150998360000,56e3,800000
6265,108.151041120000,570b,ff0000
6265,108.151083600000,5727,0
6266,108.168266320000,56e3,800000
6266,108.168309120000,570b,ff0000
6266,108.168351640000,5727,0
6267,108.185523680000,56e3,800000
6267,108.185566440000,570b,ff0000
6267,108.185608920000,5727,0
6268,108.202790960000,56e3,800000
6268,108.202833760000,570b,ff0000
6268,108.202876360000,5727,0
6269,108.220049240000,56e3,800000
6269,108.220092000000,570b,ff0000
6269,108.220134480000,5727,0
6270,108.237316480000,56e3,800000
6270,108.237359280000,570b,ff0000
6270,108.237401800000,5727,0
6271,108.254574640000,56e3,800000
6271,108.254617400000,570b,ff0000
6271,108.254659880000,5727,0
6272,108.271841920000,56e3,800000
6272,108.271884760000,570b,ff0000
6272,108.271927240000,5727,0
6273,108.289100040000,56e3,800000
6273,108.289142800000,570b,ff0000
6273,108.289185280000,5727,0
6274,108.306367400000,56e3,800000
6274,108.306410200000,570b,ff0000
6274,108.306452720000,5727,0
6275,108.323625560000,56e3,800000
6275,108.323668440000,570b,ff0000
6275,108.323710920000,5727,0
6276,108.340892840000,56e3,800000
6276,108.340935680000,570b,ff0000
6276,108.340978200000,5727,0
6277,108.358150920000,56e3,800000
6277,108.358193680000,570b,ff0000
6277,108.358236160000,5727,0
6278,108.375418280000,56e3,800000
6278,108.375461080000,570b,ff0000
6278,108.375503560000,5727,0
6279,108.392694680000,56e3,800000
6279,108.392737560000,570b,ff0000
6279,108.392780040000,5727,0
6280,108.409943600000,56e3,800000
6280,108.409986400000,570b,ff0000
6280,108.410028920000,5727,0
6281,108.427201840000,56e3,800000
6281,108.427244600000,570b,ff0000
6281,108.427287200000,5727,0
6282,108.444469160000,56e3,800000
6282,108.444511960000,570b,ff0000
6282,108.444554480000,5727,0
6283,108.461727320000,56e3,800000
6283,108.461770200000,570b,ff0000
6283,108.461812680000,5727,0
6284,108.478994680000,56e3,800000
6284,108.479037440000,570b,ff0000
6284,108.479079920000,5727,0
6285,108.496252800000,56e3,800000
6285,108.496295560000,570b,ff0000
6285,108.496338040000,5727,0
6286,108.513520040000,56e3,800000
6286,108.513562840000,570b,ff0000
6286,108.513605360000,5727,0
6287,108.530778200000,56e3,800000
6287,108.530821080000,570b,ff0000
6287,108.530863560000,5727,0
6288,108.548045560000,56e3,800000
6288,108.548088360000,570b,ff0000
6288,108.548130880000,5727,0
6289,108.565303680000,56e3,800000
6289,108.565346440000,570b,ff0000
6289,108.565388920000,5727,0
6290,108.582570960000,56e3,800000
6290,108.582613760000,570b,ff0000
6290,108.582656280000,5727,0
6291,108.599828960000,56e3,800000
6291,108.599871720000,570b,ff0000
6291,108.599914200000,5727,0
6292,108.617096240000,56e3,800000
6292,108.617139000000,570b,ff0000
6292,108.617181520000,5727,0
6293,108.634354440000,56e3,800000
6293,108.634397200000,570b,ff0000
6293,108.634439760000,5727,0
6294,108.651621720000,56e3,800000
6294,108.651664520000,570b,ff0000
6294,108.651707040000,5727,0
6295,108.668879960000,56e3,800000
6295,108.668922720000,570b,ff0000
6295,108.668965200000,5727,0
6296,108.686147120000,56e3,800000
6296,108.686189880000,570b,ff0000
6296,108.686232400000,5727,0
6297,108.703405360000,56e3,800000
6297,108.703448120000,570b,ff0000
6297,108.703490600000,5727,0
6298,108.720672760000,56e3,800000
6298,108.720715560000,570b,ff0000
6298,108.720758080000,5727,0
6299,108.737930800000,56e3,800000
6299,108.737973560000,570b,ff0000
6299,108.738016160000,5727,0
6300,108.755198080000,56e3,800000
6300,108.755240880000,570b,ff0000
6300,108.755283440000,5727,0
